Metric,Value
MAE,2.2415146827697754
MSE,10.039311408996582
RMSE,3.168487310409546
R^2,0.9596836566925049
